dataset name,AUC of VCNN,AUC of Deepbind
wgEncodeAwgTfbsSydhGm12878Znf274UniPk,0.999526515,0.383049
wgEncodeAwgTfbsHaibA549Ctcfsc5916Pcr1xEtoh02UniPk,0.985162691,0.485167
wgEncodeAwgTfbsSydhK562Rad21UniPk,0.991665636,0.502238
wgEncodeAwgTfbsUtaHuvecCtcfUniPk,0.987813248,0.49866
wgEncodeAwgTfbsUwHl60CtcfUniPk,0.992183581,0.506026
wgEncodeAwgTfbsUwGm12875CtcfUniPk,0.979820172,0.497688
wgEncodeAwgTfbsSydhGm12878Ctcfsc15914c20UniPk,0.980446175,0.498847
wgEncodeAwgTfbsUwHmecCtcfUniPk,0.974756361,0.494421
wgEncodeAwgTfbsUwHaspCtcfUniPk,0.981203128,0.50426
wgEncodeAwgTfbsSydhMcf10aesStat3Etoh01cUniPk,0.951414996,0.477065
wgEncodeAwgTfbsUwHcfaaCtcfUniPk,0.981923384,0.507981
wgEncodeAwgTfbsUtaProgfibCtcfUniPk,0.973701157,0.500216
wgEncodeAwgTfbsUwWi38CtcfUniPk,0.96972571,0.503211
wgEncodeAwgTfbsUwHacCtcfUniPk,0.968850613,0.504058
wgEncodeAwgTfbsBroadGm12878CtcfUniPk,0.963820536,0.500492
wgEncodeAwgTfbsHaibK562Usf1V0416101UniPk,0.960978452,0.499961
wgEncodeAwgTfbsUtaMcf7CtcfUniPk,0.959017045,0.502269
wgEncodeAwgTfbsSydhHelas3JundIggrabUniPk,0.954341783,0.501679
wgEncodeAwgTfbsBroadHelas3CtcfUniPk,0.95201848,0.502691
wgEncodeAwgTfbsHaibA549Foxa1V0416102Dex100nmUniPk,0.924430743,0.490971
wgEncodeAwgTfbsSydhHelas3Usf2IggmusUniPk,0.922997466,0.491661
wgEncodeAwgTfbsSydhGm12878NfybIggmusUniPk,0.928120653,0.5025
wgEncodeAwgTfbsSydhK562Stat1Ifng30UniPk,0.927873199,0.503469
wgEncodeAwgTfbsHaibHepg2Atf3V0416101UniPk,0.917344154,0.494237
wgEncodeAwgTfbsSydhK562Rpc155UniPk,0.90907393,0.488078
wgEncodeAwgTfbsSydhGm12878NfyaIggmusUniPk,0.899224387,0.480208
wgEncodeAwgTfbsUtaHuvecCmycUniPk,0.887943522,0.475742
wgEncodeAwgTfbsHaibHepg2RxraPcr1xUniPk,0.900187416,0.496471
wgEncodeAwgTfbsHaibGm12891Pax5c20V0416101UniPk,0.898825655,0.497961
wgEncodeAwgTfbsHaibGm12878Yy1sc281Pcr1xUniPk,0.899931041,0.499727
wgEncodeAwgTfbsHaibK562Tead4sc101184V0422111UniPk,0.894793698,0.499475
wgEncodeAwgTfbsSydhK562Bhlhe40nb100IggrabUniPk,0.897179338,0.502386
wgEncodeAwgTfbsSydhH1hescBach1sc14700IggrabUniPk,0.890275554,0.49762
wgEncodeAwgTfbsSydhHuvecGata2UcdUniPk,0.890932759,0.502117
wgEncodeAwgTfbsHaibK562Mef2aV0416101UniPk,0.891742679,0.506816
wgEncodeAwgTfbsSydhGm12878Elk112771IggmusUniPk,0.878162753,0.493492
wgEncodeAwgTfbsSydhHelas3Tr4UniPk,0.857794354,0.474549
wgEncodeAwgTfbsSydhNb4MaxUniPk,0.88738772,0.504509
wgEncodeAwgTfbsHaibK562SrfV0416101UniPk,0.876206774,0.493733
wgEncodeAwgTfbsHaibT47dGata3sc268V0416102Dm002p1hUniPk,0.874577907,0.496182
wgEncodeAwgTfbsSydhHelas3E2f1UniPk,0.876703862,0.501213
wgEncodeAwgTfbsHaibK562E2f6V0416102UniPk,0.869136026,0.49426
wgEncodeAwgTfbsHaibHuvecPol24h8V0416101UniPk,0.855975269,0.492441
wgEncodeAwgTfbsSydhK562Znf263UcdUniPk,0.866820989,0.50753
wgEncodeAwgTfbsHaibGm12878Atf3Pcr1xUniPk,0.866771074,0.513023
wgEncodeAwgTfbsSydhHelas3Mazab85725IggrabUniPk,0.846511142,0.496083
wgEncodeAwgTfbsSydhH1hescSin3anb6001263IggrabUniPk,0.837131669,0.493465
wgEncodeAwgTfbsHaibK562Thap1sc98174V0416101UniPk,0.815593639,0.473564
wgEncodeAwgTfbsSydhK562Mxi1af4185IggrabUniPk,0.859065262,0.517369
wgEncodeAwgTfbsHaibA549Tcf12V0422111Etoh02UniPk,0.840717854,0.502719
wgEncodeAwgTfbsSydhGm12878MaxIggmusUniPk,0.834515688,0.496989
wgEncodeAwgTfbsHaibK562Zbtb7asc34508V0416101UniPk,0.841724673,0.507418
wgEncodeAwgTfbsHaibGm12878Mta3sc81325V0422111UniPk,0.829782095,0.498724
wgEncodeAwgTfbsSydhHelas3Zkscan1hpa006672IggrabUniPk,0.835796283,0.510728
wgEncodeAwgTfbsHaibH1hescHdac2sc6296V0416102UniPk,0.826992803,0.502131
wgEncodeAwgTfbsHaibA549Zbtb33V0422111Etoh02UniPk,0.813233539,0.488965
wgEncodeAwgTfbsSydhK562Irf1Ifna30UniPk,0.834229621,0.510157
wgEncodeAwgTfbsSydhMcf7Znf217UcdUniPk,0.82171088,0.49806
wgEncodeAwgTfbsSydhGm15510Pol2IggmusUniPk,0.82309977,0.500474
wgEncodeAwgTfbsSydhGm12892Pol2IggmusUniPk,0.814479363,0.492816
wgEncodeAwgTfbsHaibGm12878Bclaf101388V0416101UniPk,0.805351537,0.487029
wgEncodeAwgTfbsHaibPanc1Pol24h8V0416101UniPk,0.799641777,0.481349
wgEncodeAwgTfbsHaibHepg2Tcf12Pcr1xUniPk,0.826193136,0.508622
wgEncodeAwgTfbsUtaH1hescPol2UniPk,0.820008452,0.504972
wgEncodeAwgTfbsSydhK562Setdb1UcdUniPk,0.792377673,0.4778
wgEncodeAwgTfbsSydhK562Pol2UniPk,0.810742044,0.497536
wgEncodeAwgTfbsHaibH1hescTaf1V0416102UniPk,0.810613905,0.498294
wgEncodeAwgTfbsHaibHct116Pol24h8V0416101UniPk,0.816172018,0.504652
wgEncodeAwgTfbsBroadH1hescEzh239875UniPk,0.805442718,0.495427
wgEncodeAwgTfbsSydhK562Pol2Ifna30UniPk,0.802195485,0.497244
wgEncodeAwgTfbsSydhHelas3E2f6UniPk,0.812481048,0.508234
wgEncodeAwgTfbsSydhHelas3Pol2s2IggrabUniPk,0.803683863,0.501076
wgEncodeAwgTfbsSydhPbdePol2UcdUniPk,0.795511576,0.494489
wgEncodeAwgTfbsSydhK562Tblr1ab24550IggrabUniPk,0.78019271,0.509104
wgEncodeAwgTfbsBroadK562Ezh239875UniPk,0.722177707,0.458921
wgEncodeAwgTfbsBroadK562Hdac1sc6298UniPk,0.76519069,0.501937
wgEncodeAwgTfbsHaibA549Sin3ak20V0422111Etoh02UniPk,0.770019583,0.509658
wgEncodeAwgTfbsHaibA549NrsfV0422111Etoh02UniPk,0.830073325,0.639326
wgEncodeAwgTfbsUtaMcf7CmycSerumstimUniPk,0.842224692,0.672473
wgEncodeAwgTfbsHaibPanc1Sin3ak20V0416101UniPk,0.802375768,0.636793
wgEncodeAwgTfbsSydhHelas3Spt20UniPk,0.679813502,0.516099
wgEncodeAwgTfbsSydhK562Pol2IggmusUniPk,0.781387268,0.618028
wgEncodeAwgTfbsSydhHelas3Baf170IggmusUniPk,0.776772298,0.615678
wgEncodeAwgTfbsHaibSknshNrsfV0416101UniPk,0.883629925,0.730975
wgEncodeAwgTfbsUtaGm12878Pol2UniPk,0.798816289,0.657543
wgEncodeAwgTfbsHaibSknshSin3ak20V0416101UniPk,0.828899419,0.697903
wgEncodeAwgTfbsSydhGm10847NfkbTnfaIggrabUniPk,0.874597787,0.744078
wgEncodeAwgTfbsUtaProgfibPol2UniPk,0.816617604,0.693283
wgEncodeAwgTfbsHaibHepg2NrsfPcr2xUniPk,0.897811803,0.779449
wgEncodeAwgTfbsHaibEcc1EralphaaV0416102Est10nm1hUniPk,0.881771837,0.773318
wgEncodeAwgTfbsHaibA549Six5V0422111Etoh02UniPk,0.839784362,0.734715
wgEncodeAwgTfbsHaibGm12892Taf1V0416102UniPk,0.830745509,0.726648
wgEncodeAwgTfbsSydhGm12892NfkbTnfaIggrabUniPk,0.880282871,0.777376
wgEncodeAwgTfbsUtaMcf7CmycEstroUniPk,0.842262826,0.741814
wgEncodeAwgTfbsSydhHelas3NfyaIggrabUniPk,0.891613024,0.793514
wgEncodeAwgTfbsHaibU87Pol24h8V0416101UniPk,0.804620068,0.709229
wgEncodeAwgTfbsSydhK562NelfeUniPk,0.585972291,0.506433
wgEncodeAwgTfbsBroadHepg2Ezh239875UniPk,0.773121367,0.69508
wgEncodeAwgTfbsSydhPanc1Tcf7l2UcdUniPk,0.814714294,0.750776
wgEncodeAwgTfbsHaibHepg2NrsfV0416101UniPk,0.85180333,0.795812
wgEncodeAwgTfbsHaibEcc1EralphaaV0416102Gen1hUniPk,0.876158235,0.823053
wgEncodeAwgTfbsSydhGm12878Mazab85725IggmusUniPk,0.836537975,0.784477
wgEncodeAwgTfbsSydhH1hescChd1a301218aIggrabUniPk,0.679090673,0.629276
wgEncodeAwgTfbsHaibPfsk1Sin3ak20V0416101UniPk,0.828069999,0.778372
wgEncodeAwgTfbsBroadOsteoblCtcfUniPk,0.953317432,0.906706
wgEncodeAwgTfbsBroadHelas3Ezh239875UniPk,0.711447177,0.664941
wgEncodeAwgTfbsSydhGm12878Usf2IggmusUniPk,0.937169487,0.892598
wgEncodeAwgTfbsBroadHuvecPol2bUniPk,0.786407141,0.742866
wgEncodeAwgTfbsSydhHepg2Pgc1aForsklnUniPk,0.71298751,0.669863
wgEncodeAwgTfbsSydhK562Pol2s2IggrabUniPk,0.741616217,0.698747
wgEncodeAwgTfbsBroadHelas3Pol2bUniPk,0.767567916,0.724854
wgEncodeAwgTfbsSydhNb4Pol2UniPk,0.814829098,0.772766
wgEncodeAwgTfbsHaibA549Pol2Pcr2xEtoh02UniPk,0.806348856,0.764337
wgEncodeAwgTfbsSydhK562Ubfsc13125IggmusUniPk,0.853619598,0.811848
wgEncodeAwgTfbsSydhShsy5yGata3sc269sc269UcdUniPk,0.88066008,0.839781
wgEncodeAwgTfbsSydhGm12878Chd1a301218aIggmusUniPk,0.732475764,0.692394
wgEncodeAwgTfbsUwGm12873CtcfUniPk,0.972148673,0.932232
wgEncodeAwgTfbsBroadK562Sap3039731UniPk,0.798630336,0.759306
wgEncodeAwgTfbsSydhK562Ini1IggmusUniPk,0.734119941,0.695287
wgEncodeAwgTfbsSydhK562Gtf2f1ab28179IggrabUniPk,0.800469227,0.762296
wgEncodeAwgTfbsBroadHsmmtEzh239875UniPk,0.760456801,0.723316
wgEncodeAwgTfbsSydhK562Pol2s2UniPk,0.67310911,0.637254
wgEncodeAwgTfbsSydhA549Pol2s2IggrabUniPk,0.706314271,0.672273
wgEncodeAwgTfbsSydhImr90MafkIggrabUniPk,0.974487729,0.941106
wgEncodeAwgTfbsSydhH1hescMxi1IggrabUniPk,0.845703983,0.812616
wgEncodeAwgTfbsBroadHuvecEzh239875UniPk,0.803084662,0.770324
wgEncodeAwgTfbsBroadNhlfEzh239875UniPk,0.782626734,0.750024
wgEncodeAwgTfbsBroadNhaEzh239875UniPk,0.794609665,0.762775
wgEncodeAwgTfbsBroadHmecEzh239875UniPk,0.755152572,0.723473
wgEncodeAwgTfbsSydhGm12878Stat3IggmusUniPk,0.79348636,0.76294
wgEncodeAwgTfbsSydhU2osSetdb1UcdUniPk,0.847106947,0.816853
wgEncodeAwgTfbsSydhNt2d1Suz12UcdUniPk,0.785526188,0.755418
wgEncodeAwgTfbsHaibHepg2Sin3ak20Pcr1xUniPk,0.83319861,0.803212
wgEncodeAwgTfbsSydhH1hescGtf2f1IggrabUniPk,0.803723359,0.774133
wgEncodeAwgTfbsBroadNhekPol2bUniPk,0.742463522,0.713029
wgEncodeAwgTfbsBroadNhdfadEzh239875UniPk,0.796373704,0.767098
wgEncodeAwgTfbsSydhHelas3Brg1IggmusUniPk,0.711878722,0.683291
wgEncodeAwgTfbsUtaHelas3CmycUniPk,0.873285134,0.844759
wgEncodeAwgTfbsBroadK562Hdac2a300705aUniPk,0.784314368,0.756054
wgEncodeAwgTfbsSydhGm12878Stat1UniPk,0.727960632,0.700224
wgEncodeAwgTfbsHaibPfsk1Taf1V0416101UniPk,0.84326085,0.815923
wgEncodeAwgTfbsUtaMcf7CmycSerumstvdUniPk,0.823053292,0.79668
wgEncodeAwgTfbsBroadDnd41Ezh239875UniPk,0.766725383,0.740534
wgEncodeAwgTfbsHaibH1hescTaf7sc101167V0416102UniPk,0.809662074,0.783924
wgEncodeAwgTfbsHaibSknshraUsf1sc8983V0416102UniPk,0.967194659,0.941566
wgEncodeAwgTfbsSydhHepg2Bhlhe40cIggrabUniPk,0.889202219,0.864514
wgEncodeAwgTfbsSydhU2osKap1UcdUniPk,0.772752321,0.748302
wgEncodeAwgTfbsHaibK562Sp2sc643V0416102UniPk,0.906391094,0.882761
wgEncodeAwgTfbsHaibK562Bclaf101388Pcr1xUniPk,0.762691854,0.739278
wgEncodeAwgTfbsBroadK562Plu1UniPk,0.806638943,0.783279
wgEncodeAwgTfbsSydhGm12878Corestsc30189IggmusUniPk,0.784717334,0.761464
wgEncodeAwgTfbsSydhGm18505Pol2IggmusUniPk,0.808776371,0.786653
wgEncodeAwgTfbsSydhH1hescSuz12UcdUniPk,0.801829,0.779836
wgEncodeAwgTfbsSydhHelas3E2f4UniPk,0.875926518,0.854213
wgEncodeAwgTfbsSydhGm12878WhipIggmusUniPk,0.748574336,0.727043
wgEncodeAwgTfbsSydhK562E2f4UcdUniPk,0.871156056,0.849852
wgEncodeAwgTfbsSydhHelas3Hae2f1UniPk,0.887819235,0.866553
wgEncodeAwgTfbsSydhGm18526Pol2IggmusUniPk,0.816651473,0.79568
wgEncodeAwgTfbsBroadK562Chd1a301218aUniPk,0.753609345,0.732687
wgEncodeAwgTfbsSydhH1hescCmycIggrabUniPk,0.869980265,0.849305
wgEncodeAwgTfbsSydhGm12878Sin3anb6001263IggmusUniPk,0.799290578,0.778663
wgEncodeAwgTfbsSydhGm12891Pol2IggmusUniPk,0.780357147,0.75996
wgEncodeAwgTfbsUtaMcf7Pol2SerumstvdUniPk,0.834845566,0.814507
wgEncodeAwgTfbsBroadH1hescJarid1aab26049UniPk,0.795804128,0.77571
wgEncodeAwgTfbsHaibHepg2Taf1Pcr2xUniPk,0.831748989,0.811946
wgEncodeAwgTfbsHaibK562Taf1V0416101UniPk,0.845278828,0.825742
wgEncodeAwgTfbsBroadH1hescChd1a301218aUniPk,0.757734022,0.738207
wgEncodeAwgTfbsHaibPfsk1NrsfPcr2xUniPk,0.914702909,0.895366
wgEncodeAwgTfbsUtaHepg2Pol2UniPk,0.801764284,0.782475
wgEncodeAwgTfbsSydhGm12878Pol2s2IggmusUniPk,0.778960574,0.759673
wgEncodeAwgTfbsSydhGm12878Chd2ab68301IggmusUniPk,0.836667457,0.817422
wgEncodeAwgTfbsHaibGm12878Pmlsc71910V0422111UniPk,0.807532805,0.788289
wgEncodeAwgTfbsSydhA549Bhlhe40IggrabUniPk,0.929047525,0.910297
wgEncodeAwgTfbsHaibK562Pol2V0416101UniPk,0.799293819,0.780642
wgEncodeAwgTfbsSydhHepg2TbpIggrabUniPk,0.815653275,0.797155
wgEncodeAwgTfbsUtaH1hescCmycUniPk,0.662250867,0.643919
wgEncodeAwgTfbsSydhHct116Pol2UcdUniPk,0.813425964,0.795403
wgEncodeAwgTfbsSydhGm12878Tblr1ab24550IggmusUniPk,0.82937394,0.811461
wgEncodeAwgTfbsHaibGm12878Nfatc1sc17834V0422111UniPk,0.839694028,0.822128
wgEncodeAwgTfbsSydhGm12878Pol2UniPk,0.793275034,0.775765
wgEncodeAwgTfbsHaibHuvecPol2Pcr1xUniPk,0.808469414,0.790973
wgEncodeAwgTfbsSydhK562Irf1Ifng30UniPk,0.824849165,0.807476
wgEncodeAwgTfbsSydhMcf10aesPol2TamUniPk,0.814721431,0.79742
wgEncodeAwgTfbsSydhGm12878Ikzf1iknuclaUniPk,0.827431663,0.810229
wgEncodeAwgTfbsBroadK562Phf8a301772aUniPk,0.793952127,0.776767
wgEncodeAwgTfbsUtaA549Pol2UniPk,0.830139986,0.813329
wgEncodeAwgTfbsSydhH1hescTbpIggrabUniPk,0.825582454,0.808941
wgEncodeAwgTfbsSydhHelas3CmycUniPk,0.872022199,0.855401
wgEncodeAwgTfbsHaibT47dEraaV0416102Bpa1hUniPk,0.904551429,0.887939
wgEncodeAwgTfbsHaibH1hescSin3ak20Pcr1xUniPk,0.843891888,0.827288
wgEncodeAwgTfbsBroadK562Rbbp5a300109aUniPk,0.791611637,0.775093
wgEncodeAwgTfbsUtaHuvecPol2UniPk,0.841570547,0.825354
wgEncodeAwgTfbsHaibK562Zbtb33Pcr1xUniPk,0.873684083,0.857507
wgEncodeAwgTfbsSydhGm18526NfkbTnfaIggrabUniPk,0.878134425,0.862177
wgEncodeAwgTfbsSydhHek293Pol2UniPk,0.824585992,0.808674
wgEncodeAwgTfbsSydhGm18951Pol2IggmusUniPk,0.816499602,0.800624
wgEncodeAwgTfbsSydhHelas3Tcf7l2UcdUniPk,0.827302842,0.811502
wgEncodeAwgTfbsHaibHepg2Mbd4sc271530V0422111UniPk,0.791284397,0.775725
wgEncodeAwgTfbsHaibA549Pol2Pcr2xDex100nmUniPk,0.818216797,0.802706
wgEncodeAwgTfbsSydhK562Pol2Ifng6hUniPk,0.806725365,0.791268
wgEncodeAwgTfbsHaibGm12892Pol24h8V0416102UniPk,0.778230293,0.762819
wgEncodeAwgTfbsHaibK562Ets1V0416101UniPk,0.834790706,0.81961
wgEncodeAwgTfbsHaibGm12878Tcf3Pcr1xUniPk,0.876772456,0.86161
wgEncodeAwgTfbsHaibGm12878Pol24h8Pcr1xUniPk,0.776653451,0.761721
wgEncodeAwgTfbsSydhHelas3Baf155IggmusUniPk,0.78345653,0.768542
wgEncodeAwgTfbsSydhPbdefetalGata1UcdUniPk,0.933490239,0.91858
wgEncodeAwgTfbsSydhHepg2Mazab85725IggrabUniPk,0.857016086,0.842159
wgEncodeAwgTfbsHaibH1hescPol24h8V0416102UniPk,0.79298641,0.778168
wgEncodeAwgTfbsHaibA549GrPcr1xDex500pmUniPk,0.820315281,0.805619
wgEncodeAwgTfbsSydhGm10847Pol2IggmusUniPk,0.82738012,0.812875
wgEncodeAwgTfbsHaibK562Taf7sc101167V0416101UniPk,0.769334897,0.754894
wgEncodeAwgTfbsSydhGm12878Rfx5200401194IggmusUniPk,0.845042346,0.830779
wgEncodeAwgTfbsHaibEcc1GrV0416102Dex100nmUniPk,0.881562183,0.8675
wgEncodeAwgTfbsHaibSknshTaf1V0416101UniPk,0.855349537,0.84132
wgEncodeAwgTfbsHaibH1hescSp4v20V0422111UniPk,0.796151157,0.782148
wgEncodeAwgTfbsSydhGm12878Pol2IggmusUniPk,0.777001531,0.763285
wgEncodeAwgTfbsBroadNhekEzh239875UniPk,0.778454763,0.764803
wgEncodeAwgTfbsHaibA549Taf1V0422111Etoh02UniPk,0.76670212,0.753096
wgEncodeAwgTfbsBroadH1hescRbbp5a300109aUniPk,0.797637991,0.784034
wgEncodeAwgTfbsHaibGm12891Taf1Pcr1xUniPk,0.824311222,0.810831
wgEncodeAwgTfbsSydhHek293Kap1UcdUniPk,0.762956832,0.749499
wgEncodeAwgTfbsSydhK562E2f6UcdUniPk,0.842745717,0.829423
wgEncodeAwgTfbsUtaMcf7Pol2SerumstimUniPk,0.828652806,0.815631
wgEncodeAwgTfbsSydhGm12878TbpIggmusUniPk,0.800581793,0.787765
wgEncodeAwgTfbsUtaK562Pol2UniPk,0.817361514,0.804604
wgEncodeAwgTfbsHaibK562Sin3ak20V0416101UniPk,0.838546314,0.826025
wgEncodeAwgTfbsUtaGm12878CmycUniPk,0.785054679,0.77261
wgEncodeAwgTfbsHaibK562Cbx3sc101004V0422111UniPk,0.815456089,0.803205
wgEncodeAwgTfbsHaibGm12878Pu1Pcr1xUniPk,0.977392816,0.96515
wgEncodeAwgTfbsSydhGm19099NfkbTnfaIggrabUniPk,0.916187214,0.904083
wgEncodeAwgTfbsSydhGm19099Pol2IggmusUniPk,0.795362697,0.783349
wgEncodeAwgTfbsHaibHelas3Pol2Pcr1xUniPk,0.80359435,0.791583
wgEncodeAwgTfbsSydhMcf7Hae2f1UcdUniPk,0.831872332,0.819921
wgEncodeAwgTfbsHaibH1hescNanogsc33759V0416102UniPk,0.903632941,0.891879
wgEncodeAwgTfbsHaibGm12878Taf1Pcr1xUniPk,0.828688496,0.81719
wgEncodeAwgTfbsUtaHepg2CmycUniPk,0.85889068,0.847535
wgEncodeAwgTfbsSydhImr90Pol2IggrabUniPk,0.802437517,0.791605
wgEncodeAwgTfbsHaibHepg2Pol2Pcr2xUniPk,0.797580021,0.786874
wgEncodeAwgTfbsSydhMcf10aesPol2Etoh01UniPk,0.799077777,0.788488
wgEncodeAwgTfbsHaibGm12891Pol2Pcr1xUniPk,0.777017397,0.766551
wgEncodeAwgTfbsHaibA549Usf1V0422111Etoh02UniPk,0.916091862,0.905782
wgEncodeAwgTfbsHaibGm12891Pu1Pcr1xUniPk,0.978671653,0.968576
wgEncodeAwgTfbsHaibGm12878Stat5asc74442V0422111UniPk,0.826838546,0.817027
wgEncodeAwgTfbsSydhHelas3Mxi1af4185IggrabUniPk,0.839392438,0.829612
wgEncodeAwgTfbsHaibHepg2Tead4sc101184V0422111UniPk,0.889434706,0.879681
wgEncodeAwgTfbsHaibHepg2Pol24h8V0416102UniPk,0.793034058,0.783282
wgEncodeAwgTfbsSydhHepg2Pol2IggrabUniPk,0.782164621,0.772432
wgEncodeAwgTfbsSydhK562CmycIfna30UniPk,0.842445392,0.83274
wgEncodeAwgTfbsSydhHelas3Brca1a300IggrabUniPk,0.860908251,0.851257
wgEncodeAwgTfbsBroadK562Hdac6a301341aUniPk,0.655994826,0.646374
wgEncodeAwgTfbsSydhK562Pol2Ifng30UniPk,0.809022114,0.799435
wgEncodeAwgTfbsHaibK562Atf3V0416101UniPk,0.929027078,0.919785
wgEncodeAwgTfbsUwHmfCtcfUniPk,0.980086926,0.970929
wgEncodeAwgTfbsHaibGm12878Bcl3V0416101UniPk,0.874690948,0.865739
wgEncodeAwgTfbsBroadGm12878Ezh239875UniPk,0.729160184,0.720252
wgEncodeAwgTfbsSydhHuvecPol2UniPk,0.804657791,0.795814
wgEncodeAwgTfbsHaibH1hescPol2V0416102UniPk,0.787713312,0.779243
wgEncodeAwgTfbsHaibHelas3Taf1Pcr1xUniPk,0.8130733,0.80463
wgEncodeAwgTfbsHaibPfsk1Foxp2Pcr2xUniPk,0.866811471,0.858396
wgEncodeAwgTfbsHaibEcc1Pol2V0416102Dm002p1hUniPk,0.819427349,0.81102
wgEncodeAwgTfbsSydhHelas3Nrf1IggmusUniPk,0.962102207,0.953866
wgEncodeAwgTfbsSydhH1hescCtbp2UcdUniPk,0.796018964,0.788108
wgEncodeAwgTfbsHaibHct116Zbtb33V0416101UniPk,0.822958601,0.815067
wgEncodeAwgTfbsSydhHepg2Pol2ForsklnUniPk,0.799667114,0.792041
wgEncodeAwgTfbsSydhHepg2Nrf1IggrabUniPk,0.98415696,0.976703
wgEncodeAwgTfbsHaibSknshraP300V0416102UniPk,0.874841985,0.867402
wgEncodeAwgTfbsUchicagoK562Ehdac8UniPk,0.69356536,0.686251
wgEncodeAwgTfbsSydhHelas3Gtf2f1ab28179IggrabUniPk,0.82451516,0.817252
wgEncodeAwgTfbsSydhK562Ubtfsab1404509IggmusUniPk,0.831515565,0.824322
wgEncodeAwgTfbsSydhHuvecMaxUniPk,0.929620942,0.922514
wgEncodeAwgTfbsSydhHepg2P300sc582IggrabUniPk,0.85778723,0.851034
wgEncodeAwgTfbsSydhGm12878Nrf1IggmusUniPk,0.925259118,0.918668
wgEncodeAwgTfbsHaibGm12878Zeb1sc25388V0416102UniPk,0.854692714,0.84816
wgEncodeAwgTfbsSydhHelas3Stat1Ifng30UniPk,0.856591088,0.850096
wgEncodeAwgTfbsHaibEcc1Foxa1sc6553V0416102Dm002p1hUniPk,0.91811738,0.911649
wgEncodeAwgTfbsSydhGm12878E2f4IggmusUniPk,0.856145007,0.849811
wgEncodeAwgTfbsUchicagoK562EfosUniPk,0.967193807,0.960889
wgEncodeAwgTfbsSydhHelas3Stat3IggrabUniPk,0.889827819,0.883889
wgEncodeAwgTfbsHaibK562Gata2sc267Pcr1xUniPk,0.944938189,0.939073
wgEncodeAwgTfbsUtaHelas3Pol2UniPk,0.803121516,0.797333
wgEncodeAwgTfbsSydhHelas3Ini1IggmusUniPk,0.787928134,0.782213
wgEncodeAwgTfbsUchicagoK562Egata2UniPk,0.849624973,0.84408
wgEncodeAwgTfbsSydhGm12878P300bUniPk,0.920486072,0.914986
wgEncodeAwgTfbsSydhGm12878P300IggmusUniPk,0.865198433,0.859896
wgEncodeAwgTfbsSydhHek293Tcf7l2UcdUniPk,0.858547802,0.853402
wgEncodeAwgTfbsSydhGm12878Ebf1sc137065UniPk,0.926445108,0.921303
wgEncodeAwgTfbsSydhHelas3Pol2UniPk,0.802116315,0.797118
wgEncodeAwgTfbsSydhA549MaxIggrabUniPk,0.860558773,0.855577
wgEncodeAwgTfbsHaibK562Egr1V0416101UniPk,0.937586213,0.932678
wgEncodeAwgTfbsHaibT47dP300V0416102Dm002p1hUniPk,0.873055634,0.868197
wgEncodeAwgTfbsSydhK562Nrf1IggrabUniPk,0.952996956,0.948153
wgEncodeAwgTfbsHaibK562Stat5asc74442V0422111UniPk,0.914492807,0.909726
wgEncodeAwgTfbsHaibGm12878Usf1Pcr2xUniPk,0.943142978,0.938482
wgEncodeAwgTfbsHaibA549Yy1cV0422111Etoh02UniPk,0.869992039,0.865395
wgEncodeAwgTfbsSydhHelas3Ap2alphaUniPk,0.898119372,0.893603
wgEncodeAwgTfbsSydhMcf10aesE2f4TamHvdUniPk,0.910214279,0.90575
wgEncodeAwgTfbsHaibGm12878Pol2Pcr2xUniPk,0.792853894,0.788429
wgEncodeAwgTfbsHaibHelas3GabpPcr1xUniPk,0.925003254,0.920604
wgEncodeAwgTfbsSydhHepg2MaxIggrabUniPk,0.872146532,0.867769
wgEncodeAwgTfbsSydhK562Pol2Ifna6hUniPk,0.793262352,0.788897
wgEncodeAwgTfbsHaibGm12878Tcf12Pcr1xUniPk,0.895634978,0.891274
wgEncodeAwgTfbsBroadHsmmEzh239875UniPk,0.715604071,0.711269
wgEncodeAwgTfbsHaibH1hescYy1sc281V0416102UniPk,0.913843194,0.909546
wgEncodeAwgTfbsHaibSknshPol24h8V0416101UniPk,0.832315988,0.828083
wgEncodeAwgTfbsSydhHepg2CebpbForsklnUniPk,0.95662382,0.952528
wgEncodeAwgTfbsHaibK562Pol24h8V0416101UniPk,0.824679829,0.820638
wgEncodeAwgTfbsHaibGm12878Cebpbsc150V0422111UniPk,0.852885232,0.848882
wgEncodeAwgTfbsUtaMcf7Pol2UniPk,0.822242429,0.818262
wgEncodeAwgTfbsSydhGm18951NfkbTnfaIggrabUniPk,0.852804781,0.848884
wgEncodeAwgTfbsUtaGm12892CtcfUniPk,0.941091812,0.93727
wgEncodeAwgTfbsSydhMcf7Gata3sc269UcdUniPk,0.849903704,0.846241
wgEncodeAwgTfbsSydhMcf10aesCmycTam14hHvdUniPk,0.9065145,0.902889
wgEncodeAwgTfbsHaibSknshNrsfPcr2xUniPk,0.834306435,0.830741
wgEncodeAwgTfbsHaibH1hescRad21V0416102UniPk,0.965619913,0.962059
wgEncodeAwgTfbsHaibHepg2Mybl2sc81192V0422111UniPk,0.816148734,0.812601
wgEncodeAwgTfbsHaibGm12878Atf2sc81188V0422111UniPk,0.8709134,0.867539
wgEncodeAwgTfbsHaibHepg2Bhlhe40V0416101UniPk,0.941981702,0.938682
wgEncodeAwgTfbsUtaGlioblaPol2UniPk,0.815990116,0.81271
wgEncodeAwgTfbsSydhGm12878Yy1UniPk,0.877494095,0.874239
wgEncodeAwgTfbsSydhHelas3P300sc584sc584IggrabUniPk,0.913883891,0.91085
wgEncodeAwgTfbsHaibHepg2Foxa1sc101058V0416101UniPk,0.944659253,0.941808
wgEncodeAwgTfbsSydhK562CmycUniPk,0.857721524,0.85523
wgEncodeAwgTfbsHaibH1hescPou5f1sc9081V0416102UniPk,0.93342473,0.930991
wgEncodeAwgTfbsUtaGlioblaCtcfUniPk,0.969781358,0.967393
wgEncodeAwgTfbsHaibGm12878GabpPcr2xUniPk,0.909244335,0.906863
wgEncodeAwgTfbsSydhK562Kap1UcdUniPk,0.830365456,0.827995
wgEncodeAwgTfbsHaibK562Sp1Pcr1xUniPk,0.871548402,0.869209
wgEncodeAwgTfbsHaibH1hescUsf1Pcr1xUniPk,0.981756867,0.979446
wgEncodeAwgTfbsHaibGm12891Pou2f2Pcr1xUniPk,0.841879321,0.83958
wgEncodeAwgTfbsHaibK562Six5Pcr1xUniPk,0.869462101,0.867203
wgEncodeAwgTfbsSydhHepg2CjunIggrabUniPk,0.96996782,0.967727
wgEncodeAwgTfbsHaibA549GrPcr1xDex50nmUniPk,0.912976141,0.910741
wgEncodeAwgTfbsSydhGm12878Bhlhe40cIggmusUniPk,0.894166831,0.892033
wgEncodeAwgTfbsSydhHelas3Ap2gammaUniPk,0.886316321,0.884184
wgEncodeAwgTfbsHaibA549GrPcr2xDex100nmUniPk,0.882847096,0.880782
wgEncodeAwgTfbsSydhImr90CebpbIggrabUniPk,0.96779728,0.965831
wgEncodeAwgTfbsHaibHepg2SrfV0416101UniPk,0.91443171,0.912487
wgEncodeAwgTfbsSydhK562CjunUniPk,0.962775958,0.960913
wgEncodeAwgTfbsSydhMcf10aesCfosTam112hHvdUniPk,0.964459298,0.962609
wgEncodeAwgTfbsSydhGm12891NfkbTnfaIggrabUniPk,0.878918079,0.877082
wgEncodeAwgTfbsSydhHepg2Pol2s2IggrabUniPk,0.707872062,0.706129
wgEncodeAwgTfbsSydhK562Elk112771IggrabUniPk,0.891075655,0.889413
wgEncodeAwgTfbsSydhHepg2CebpbIggrabUniPk,0.982287958,0.980648
wgEncodeAwgTfbsSydhA549CebpbIggrabUniPk,0.978068887,0.97648
wgEncodeAwgTfbsSydhHelas3CfosUniPk,0.956304091,0.954749
wgEncodeAwgTfbsSydhK562Stat2Ifna30UniPk,0.848726212,0.847224
wgEncodeAwgTfbsSydhK562Gata2UcdUniPk,0.929907401,0.928443
wgEncodeAwgTfbsHaibA549P300V0422111Etoh02UniPk,0.861180579,0.859805
wgEncodeAwgTfbsSydhK562TbpIggmusUniPk,0.822260265,0.820914
wgEncodeAwgTfbsHaibGm12891Pol24h8Pcr1xUniPk,0.776998098,0.77566
wgEncodeAwgTfbsSydhMcf10aesCfosTamHvdUniPk,0.969354856,0.968035
wgEncodeAwgTfbsSydhK562Stat1Ifna30UniPk,0.850411685,0.849121
wgEncodeAwgTfbsHaibGm12878Ets1Pcr1xUniPk,0.852965148,0.851696
wgEncodeAwgTfbsSydhHepg2Rfx5200401194IggrabUniPk,0.886031139,0.885029
wgEncodeAwgTfbsUwHuvecCtcfUniPk,0.980834551,0.979894
wgEncodeAwgTfbsHaibPanc1NrsfPcr2xUniPk,0.913637569,0.912729
wgEncodeAwgTfbsSydhMcf10aesStat3TamUniPk,0.955342639,0.954444
wgEncodeAwgTfbsSydhK562NfyaUniPk,0.950852976,0.949995
wgEncodeAwgTfbsSydhHelas3NfybIggrabUniPk,0.929067436,0.928243
wgEncodeAwgTfbsUtaMcf7CmycVehUniPk,0.853609799,0.852831
wgEncodeAwgTfbsSydhK562CfosUniPk,0.972409926,0.971697
wgEncodeAwgTfbsSydhK562Smc3ab9263IggrabUniPk,0.976946173,0.976237
wgEncodeAwgTfbsHaibGm12878P300Pcr1xUniPk,0.85229318,0.851725
wgEncodeAwgTfbsUwAg04449CtcfUniPk,0.976033879,0.975474
wgEncodeAwgTfbsSydhGm12878Mxi1IggmusUniPk,0.815959968,0.815477
wgEncodeAwgTfbsUtaGm19240CtcfUniPk,0.959895354,0.959532
wgEncodeAwgTfbsHaibSknshraRad21V0416102UniPk,0.944940235,0.944582
wgEncodeAwgTfbsSydhShsy5yGata2UcdUniPk,0.8984897,0.898166
wgEncodeAwgTfbsSydhK562Usf2IggrabUniPk,0.950917109,0.950597
wgEncodeAwgTfbsHaibGm12878Foxm1sc502V0422111UniPk,0.861724166,0.861456
wgEncodeAwgTfbsSydhMcf10aesStat3Tam112hHvdUniPk,0.952060552,0.951815
wgEncodeAwgTfbsUwHpafCtcfUniPk,0.977535106,0.977348
wgEncodeAwgTfbsSydhMcf10aesCfosTam14hHvdUniPk,0.961724615,0.961642
wgEncodeAwgTfbsHaibGm12878Runx3sc101553V0422111UniPk,0.914665098,0.914603
wgEncodeAwgTfbsUtaK562CtcfUniPk,0.983237522,0.983393
wgEncodeAwgTfbsSydhK562CebpbIggrabUniPk,0.974225457,0.97443
wgEncodeAwgTfbsSydhK562Atf3UniPk,0.880803693,0.881041
wgEncodeAwgTfbsHaibH1hescTcf12Pcr1xUniPk,0.894645778,0.894915
wgEncodeAwgTfbsHaibHepg2Usf1Pcr1xUniPk,0.969049851,0.9694
wgEncodeAwgTfbsSydhH1hescMaxUcdUniPk,0.90688007,0.907241
wgEncodeAwgTfbsSydhGm12878Rad21IggrabUniPk,0.97019643,0.970575
wgEncodeAwgTfbsHaibK562Pmlsc71910V0422111UniPk,0.836416112,0.836798
wgEncodeAwgTfbsUwNb4CtcfUniPk,0.985151041,0.985533
wgEncodeAwgTfbsHaibH1hescTead4sc101184V0422111UniPk,0.948973819,0.949362
wgEncodeAwgTfbsHaibHepg2Elf1sc631V0416101UniPk,0.931526028,0.931924
wgEncodeAwgTfbsHaibK562MaxV0416102UniPk,0.876560433,0.876962
wgEncodeAwgTfbsSydhK562NfybUniPk,0.981278055,0.981695
wgEncodeAwgTfbsBroadK562P300UniPk,0.767948472,0.768376
wgEncodeAwgTfbsUtaGm19238CtcfUniPk,0.947748389,0.948197
wgEncodeAwgTfbsSydhK562Stat1Ifng6hUniPk,0.882429051,0.882934
wgEncodeAwgTfbsHaibA549Elf1V0422111Etoh02UniPk,0.877474633,0.878011
wgEncodeAwgTfbsSydhHek293tZnf263UcdUniPk,0.860743314,0.861307
wgEncodeAwgTfbsSydhHepg2Arid3anb100279IggrabUniPk,0.873627946,0.874259
wgEncodeAwgTfbsUwAg04450CtcfUniPk,0.976017672,0.976656
wgEncodeAwgTfbsSydhHelas3Tf3c110UniPk,0.910563802,0.91125
wgEncodeAwgTfbsSydhNt2d1Yy1UcdUniPk,0.941171736,0.941858
wgEncodeAwgTfbsUwHbmecCtcfUniPk,0.972780681,0.973467
wgEncodeAwgTfbsSydhH1hescNrf1IggrabUniPk,0.94185622,0.942549
wgEncodeAwgTfbsHaibEcc1CtcfcV0416102Dm002p1hUniPk,0.987845257,0.988647
wgEncodeAwgTfbsSydhHepg2Hnf4aForsklnUniPk,0.920596371,0.921409
wgEncodeAwgTfbsSydhHelas3MaxIggrabUniPk,0.855982788,0.856806
wgEncodeAwgTfbsSydhH1hescCebpbIggrabUniPk,0.978128935,0.979004
wgEncodeAwgTfbsSydhK562CtcfbIggrabUniPk,0.977017297,0.977909
wgEncodeAwgTfbsHaibH1hescJundV0416102UniPk,0.859452112,0.860348
wgEncodeAwgTfbsHaibK562Hdac2sc6296V0416102UniPk,0.848863474,0.849793
wgEncodeAwgTfbsSydhHepg2Rad21IggrabUniPk,0.968779131,0.969711
wgEncodeAwgTfbsHaibHepg2Foxa2sc6554V0416101UniPk,0.949672252,0.950717
wgEncodeAwgTfbsSydhK562Atf106325UniPk,0.904021239,0.905106
wgEncodeAwgTfbsUtaGm12878CtcfUniPk,0.982568035,0.983659
wgEncodeAwgTfbsSydhHepg2Usf2IggrabUniPk,0.972411006,0.973556
wgEncodeAwgTfbsSydhK562Brf2UniPk,0.66086239,0.662068
wgEncodeAwgTfbsSydhHelas3TbpIggrabUniPk,0.819638399,0.820874
wgEncodeAwgTfbsUwWerirb1CtcfUniPk,0.978564994,0.97982
wgEncodeAwgTfbsBroadNhdfadCtcfUniPk,0.975163312,0.976448
wgEncodeAwgTfbsHaibA549Ctcfsc5916Pcr1xDex100nmUniPk,0.987810131,0.989105
wgEncodeAwgTfbsSydhMcf7Tcf7l2UcdUniPk,0.844478465,0.845797
wgEncodeAwgTfbsUwMcf7CtcfUniPk,0.977017055,0.978346
wgEncodeAwgTfbsSydhMcf10aesStat3Etoh01UniPk,0.938051837,0.939463
wgEncodeAwgTfbsHaibHepg2Ctcfsc5916V0416101UniPk,0.983332804,0.984757
wgEncodeAwgTfbsSydhHelas3Prdm19115IggrabUniPk,0.926433695,0.927879
wgEncodeAwgTfbsUwHcpeCtcfUniPk,0.97535914,0.976817
wgEncodeAwgTfbsSydhK562CjunIfng6hUniPk,0.940302149,0.941792
wgEncodeAwgTfbsUwAg09319CtcfUniPk,0.975116502,0.976648
wgEncodeAwgTfbsSydhK562Znf274UcdUniPk,0.916307692,0.917847
wgEncodeAwgTfbsHaibA549Usf1Pcr1xEtoh02UniPk,0.937210557,0.938758
wgEncodeAwgTfbsUtaHepg2CtcfUniPk,0.990045895,0.991615
wgEncodeAwgTfbsSydhHelas3CebpbIggrabUniPk,0.940838342,0.942461
wgEncodeAwgTfbsHaibHepg2Cebpbsc150V0416101UniPk,0.970621343,0.972278
wgEncodeAwgTfbsBroadHsmmtCtcfUniPk,0.96763332,0.969315
wgEncodeAwgTfbsBroadK562Pol2bUniPk,0.783704016,0.785426
wgEncodeAwgTfbsHaibA549GrPcr1xDex5nmUniPk,0.908180574,0.909917
wgEncodeAwgTfbsHaibGm12878Pbx3Pcr1xUniPk,0.887999088,0.889813
wgEncodeAwgTfbsHaibK562Ctcflsc98982V0416101UniPk,0.967499145,0.96933
wgEncodeAwgTfbsUtaMcf7CtcfSerumstvdUniPk,0.948229484,0.950064
wgEncodeAwgTfbsUwHffCtcfUniPk,0.982559537,0.984424
wgEncodeAwgTfbsSydhHuvecCjunUniPk,0.963060419,0.964957
wgEncodeAwgTfbsHaibGm12878Bcl11aPcr1xUniPk,0.912225904,0.914123
wgEncodeAwgTfbsBroadHsmmCtcfUniPk,0.973961115,0.975861
wgEncodeAwgTfbsUtaHelas3CtcfUniPk,0.982487575,0.984399
wgEncodeAwgTfbsUtaNhekCtcfUniPk,0.964525274,0.966486
wgEncodeAwgTfbsBroadHepg2CtcfUniPk,0.976988177,0.978966
wgEncodeAwgTfbsSydhGm12878Smc3ab9263IggmusUniPk,0.955149243,0.957165
wgEncodeAwgTfbsUwHrpeCtcfUniPk,0.980717957,0.982807
wgEncodeAwgTfbsHaibK562Yy1V0416101UniPk,0.896671567,0.898767
wgEncodeAwgTfbsUtaMcf7CtcfSerumstimUniPk,0.945855939,0.947986
wgEncodeAwgTfbsHaibHepg2Foxa1sc6553V0416101UniPk,0.948803238,0.950957
wgEncodeAwgTfbsHaibH1hescCtcfsc5916V0416102UniPk,0.979273407,0.981433
wgEncodeAwgTfbsHaibSknshraCtcfV0416102UniPk,0.987393787,0.989564
wgEncodeAwgTfbsHaibHepg2Cebpdsc636V0416101UniPk,0.869583147,0.871765
wgEncodeAwgTfbsUwSknshraCtcfUniPk,0.976835929,0.979035
wgEncodeAwgTfbsUwAoafCtcfUniPk,0.976322499,0.978543
wgEncodeAwgTfbsUwRptecCtcfUniPk,0.972730541,0.974961
wgEncodeAwgTfbsSydhHepg2Maffm8194IggrabUniPk,0.980722888,0.982957
wgEncodeAwgTfbsHaibK562Nr2f2sc271940V0422111UniPk,0.889353691,0.891604
wgEncodeAwgTfbsUwBjCtcfUniPk,0.973686223,0.975956
wgEncodeAwgTfbsBroadNhlfCtcfUniPk,0.970793071,0.973063
wgEncodeAwgTfbsUwHek293CtcfUniPk,0.98036921,0.982755
wgEncodeAwgTfbsSydhH1hescRad21IggrabUniPk,0.974642941,0.977034
wgEncodeAwgTfbsSydhHuvecCfosUcdUniPk,0.953374506,0.955777
wgEncodeAwgTfbsSydhHelas3Elk112771IggrabUniPk,0.894406751,0.896834
wgEncodeAwgTfbsUwAg10803CtcfUniPk,0.976267634,0.978704
wgEncodeAwgTfbsHaibK562Cebpbsc150V0422111UniPk,0.944364396,0.946805
wgEncodeAwgTfbsSydhK562Gata1UcdUniPk,0.944309507,0.946796
wgEncodeAwgTfbsHaibHepg2Sp1Pcr1xUniPk,0.878115388,0.880615
wgEncodeAwgTfbsUwGm12874CtcfUniPk,0.982421826,0.984924
wgEncodeAwgTfbsHaibA549Fosl2V0422111Etoh02UniPk,0.940633065,0.943138
wgEncodeAwgTfbsSydhHepg2Mafkab50322IggrabUniPk,0.985350255,0.987907
wgEncodeAwgTfbsSydhPbdeGata1UcdUniPk,0.855974714,0.858548
wgEncodeAwgTfbsSydhK562Hmgn3UniPk,0.81929668,0.821896
wgEncodeAwgTfbsSydhK562Tal1sc12984IggmusUniPk,0.946709819,0.949316
wgEncodeAwgTfbsHaibGm12892Pol2V0416102UniPk,0.781937037,0.78461
wgEncodeAwgTfbsSydhHelas3Elk4UcdUniPk,0.885829985,0.888557
wgEncodeAwgTfbsHaibK562Rad21V0416102UniPk,0.977550782,0.980341
wgEncodeAwgTfbsSydhA549Rad21IggrabUniPk,0.980925992,0.983731
wgEncodeAwgTfbsSydhK562JundIggrabUniPk,0.923800226,0.926623
wgEncodeAwgTfbsSydhGm19193Pol2IggmusUniPk,0.785217742,0.788046
wgEncodeAwgTfbsUwNhdfneoCtcfUniPk,0.972452202,0.975329
wgEncodeAwgTfbsUwHffmycCtcfUniPk,0.97101381,0.973904
wgEncodeAwgTfbsHaibHepg2Yy1sc281V0416101UniPk,0.87019832,0.873099
wgEncodeAwgTfbsHaibK562Pu1Pcr1xUniPk,0.981891156,0.98481
wgEncodeAwgTfbsUwAg09309CtcfUniPk,0.976069737,0.979034
wgEncodeAwgTfbsHaibK562Elf1sc631V0416102UniPk,0.940320907,0.943286
wgEncodeAwgTfbsSydhH1hescUsf2IggrabUniPk,0.953671229,0.956655
wgEncodeAwgTfbsSydhHepg2Mafksc477IggrabUniPk,0.982528813,0.985526
wgEncodeAwgTfbsSydhImr90CtcfbIggrabUniPk,0.979012139,0.982032
wgEncodeAwgTfbsUwHreCtcfUniPk,0.980829211,0.983875
wgEncodeAwgTfbsUwA549CtcfUniPk,0.97531523,0.978395
wgEncodeAwgTfbsUtaA549CtcfUniPk,0.963124179,0.966241
wgEncodeAwgTfbsUwHelas3CtcfUniPk,0.985387138,0.988592
wgEncodeAwgTfbsHaibHepg2Rad21V0416101UniPk,0.962263131,0.965484
wgEncodeAwgTfbsBroadDnd41CtcfUniPk,0.972703155,0.975928
wgEncodeAwgTfbsSydhK562CjunIfng30UniPk,0.941498331,0.944743
wgEncodeAwgTfbsUwHvmfCtcfUniPk,0.973588786,0.976851
wgEncodeAwgTfbsUwGm12865CtcfUniPk,0.976077741,0.979353
wgEncodeAwgTfbsHaibK562Yy1V0416102UniPk,0.904229983,0.907555
wgEncodeAwgTfbsHaibK562CtcfcPcr1xUniPk,0.975613428,0.979076
wgEncodeAwgTfbsUwHcmCtcfUniPk,0.965457537,0.96895
wgEncodeAwgTfbsUwSaecCtcfUniPk,0.978007362,0.981533
wgEncodeAwgTfbsHaibT47dEralphaaV0416102Est10nm1hUniPk,0.901615252,0.905192
wgEncodeAwgTfbsSydhHepg2Smc3ab9263IggrabUniPk,0.953779564,0.957447
wgEncodeAwgTfbsUwGm12864CtcfUniPk,0.973517679,0.977201
wgEncodeAwgTfbsBroadNhaCtcfUniPk,0.976275793,0.979978
wgEncodeAwgTfbsUwCaco2CtcfUniPk,0.979684425,0.983401
wgEncodeAwgTfbsHaibSknmcFoxp2Pcr2xUniPk,0.857293438,0.861104
wgEncodeAwgTfbsSydhGm12878NfkbTnfaIggrabUniPk,0.885824089,0.88964
wgEncodeAwgTfbsUwK562CtcfUniPk,0.978554183,0.982412
wgEncodeAwgTfbsSydhK562Yy1UcdUniPk,0.954161074,0.958065
wgEncodeAwgTfbsSydhHelas3Tcf7l2c9b92565UcdUniPk,0.83010827,0.834027
wgEncodeAwgTfbsUwHepg2CtcfUniPk,0.977846754,0.981783
wgEncodeAwgTfbsHaibGm12878Ebf1sc137065Pcr1xUniPk,0.891403372,0.895347
wgEncodeAwgTfbsBroadH1hescCtcfUniPk,0.971987627,0.975964
wgEncodeAwgTfbsBroadHmecCtcfUniPk,0.979444605,0.983454
wgEncodeAwgTfbsSydhHelas3CjunIggrabUniPk,0.946814015,0.950848
wgEncodeAwgTfbsSydhMcf10aesStat3Etoh01bUniPk,0.948058191,0.952112
wgEncodeAwgTfbsHaibA549Bcl3V0422111Etoh02UniPk,0.818975916,0.823064
wgEncodeAwgTfbsUwHeeCtcfUniPk,0.974029606,0.978155
wgEncodeAwgTfbsUwNhekCtcfUniPk,0.974182183,0.978318
wgEncodeAwgTfbsSydhMcf10aesCfosEtoh01HvdUniPk,0.966652193,0.970854
wgEncodeAwgTfbsUtaMcf7CtcfEstroUniPk,0.969265546,0.973581
wgEncodeAwgTfbsSydhGm18505NfkbTnfaIggrabUniPk,0.882844278,0.887183
wgEncodeAwgTfbsUwHct116CtcfUniPk,0.975642716,0.979997
wgEncodeAwgTfbsHaibH1hescP300V0416102UniPk,0.840476376,0.844835
wgEncodeAwgTfbsUwGm06990CtcfUniPk,0.976179404,0.980556
wgEncodeAwgTfbsHaibEcc1EraaV0416102Bpa1hUniPk,0.858372595,0.862781
wgEncodeAwgTfbsHaibT47dCtcfsc5916V0416102Dm002p1hUniPk,0.9755203,0.979938
wgEncodeAwgTfbsUtaK562CmycUniPk,0.880814542,0.885254
wgEncodeAwgTfbsUtaMcf7CtcfVehUniPk,0.968274411,0.972819
wgEncodeAwgTfbsSydhHepg2Corestsc30189IggrabUniPk,0.785933178,0.79052
wgEncodeAwgTfbsBroadHuvecCtcfUniPk,0.974074238,0.978662
wgEncodeAwgTfbsUwBe2cCtcfUniPk,0.972658959,0.97725
wgEncodeAwgTfbsSydhImr90Rad21IggrabUniPk,0.961384615,0.966002
wgEncodeAwgTfbsSydhHepg2Znf274UcdUniPk,0.964847364,0.969473
wgEncodeAwgTfbsSydhK562Bach1sc14700IggrabUniPk,0.93204378,0.936681
wgEncodeAwgTfbsSydhRajiPol2UcdUniPk,0.785993243,0.790666
wgEncodeAwgTfbsHaibK562NrsfV0416102UniPk,0.895606469,0.900286
wgEncodeAwgTfbsSydhGm12878CfosUniPk,0.96751214,0.972194
wgEncodeAwgTfbsSydhK562CmycIfna6hUniPk,0.831572183,0.836342
wgEncodeAwgTfbsHaibHepg2Hnf4asc8987V0416101UniPk,0.944071624,0.948945
wgEncodeAwgTfbsHaibGm12878BatfPcr1xUniPk,0.946020006,0.950898
wgEncodeAwgTfbsHaibGm12878Nficsc81335V0422111UniPk,0.878155,0.88308
wgEncodeAwgTfbsBroadNhekCtcfUniPk,0.963896884,0.968845
wgEncodeAwgTfbsUwNhlfCtcfUniPk,0.965112522,0.970176
wgEncodeAwgTfbsSydhK562Gtf2bUniPk,0.788389067,0.793599
wgEncodeAwgTfbsUtaH1hescCtcfUniPk,0.969759051,0.974992
wgEncodeAwgTfbsUtaGm19239CtcfUniPk,0.95697702,0.962233
wgEncodeAwgTfbsSydhK562Chd2ab68301IggrabUniPk,0.877475826,0.882747
wgEncodeAwgTfbsBroadK562CtcfUniPk,0.943220484,0.948538
wgEncodeAwgTfbsUtaFibroblCtcfUniPk,0.959605172,0.964994
wgEncodeAwgTfbsSydhHepg2JundIggrabUniPk,0.972753607,0.978188
wgEncodeAwgTfbsHaibH1hescEgr1V0416102UniPk,0.874908399,0.880407
wgEncodeAwgTfbsHaibHepg2Fosl2V0416101UniPk,0.921630173,0.92716
wgEncodeAwgTfbsUwGm12872CtcfUniPk,0.972013212,0.977568
wgEncodeAwgTfbsHaibA549Creb1sc240V0416102Dex100nmUniPk,0.876700952,0.882256
wgEncodeAwgTfbsUwHpfCtcfUniPk,0.974867385,0.980462
wgEncodeAwgTfbsSydhHepg2Tcf7l2UcdUniPk,0.815328493,0.820936
wgEncodeAwgTfbsHaibA549Atf3V0422111Etoh02UniPk,0.837207462,0.842819
wgEncodeAwgTfbsUtaGm12891CtcfUniPk,0.941627565,0.947262
wgEncodeAwgTfbsSydhK562Mafkab50322IggrabUniPk,0.966830736,0.972493
wgEncodeAwgTfbsSydhK562CjunIfna6hUniPk,0.94442497,0.950159
wgEncodeAwgTfbsHaibA549Usf1Pcr1xDex100nmUniPk,0.897173149,0.90301
wgEncodeAwgTfbsHaibH1hescAtf2sc81188V0422111UniPk,0.810292373,0.816193
wgEncodeAwgTfbsSydhK562Tblr1nb600270IggrabUniPk,0.886684654,0.892603
wgEncodeAwgTfbsHaibGm12878Rad21V0416101UniPk,0.965644154,0.971576
wgEncodeAwgTfbsSydhK562Ccnt2UniPk,0.828201,0.834141
wgEncodeAwgTfbsSydhH1hescZnf143IggrabUniPk,0.929823999,0.935791
wgEncodeAwgTfbsHaibH1hescSrfPcr1xUniPk,0.931576586,0.937641
wgEncodeAwgTfbsSydhHelas3Rpc155UniPk,0.958857751,0.96512
wgEncodeAwgTfbsSydhMcf10aesCmycEtoh01HvdUniPk,0.897934139,0.904262
wgEncodeAwgTfbsSydhHelas3MafkIggrabUniPk,0.935888122,0.942353
wgEncodeAwgTfbsUwGm12878CtcfUniPk,0.977313149,0.983819
wgEncodeAwgTfbsHaibGm12878Zbtb33Pcr1xUniPk,0.839023025,0.845699
wgEncodeAwgTfbsHaibGm12878Elf1sc631V0416101UniPk,0.878599067,0.885307
wgEncodeAwgTfbsSydhHelas3Rad21IggrabUniPk,0.95540997,0.96218
wgEncodeAwgTfbsHaibH1hescSp1Pcr1xUniPk,0.85089756,0.857741
wgEncodeAwgTfbsSydhK562CjunIfna30UniPk,0.921282015,0.928176
wgEncodeAwgTfbsHaibGm12878Pax5n19Pcr1xUniPk,0.870882446,0.877881
wgEncodeAwgTfbsHaibGm12892Yy1V0416101UniPk,0.910043315,0.917105
wgEncodeAwgTfbsSydhK562CmycIfng6hUniPk,0.849006262,0.856116
wgEncodeAwgTfbsSydhK562MaffIggrabUniPk,0.963187452,0.970441
wgEncodeAwgTfbsSydhHct116Tcf7l2UcdUniPk,0.866085821,0.87335
wgEncodeAwgTfbsHaibT47dFoxa1sc6553V0416102Dm002p1hUniPk,0.936466668,0.943949
wgEncodeAwgTfbsSydhGm12878JundUniPk,0.950318337,0.958009
wgEncodeAwgTfbsHaibHepg2Zbtb33Pcr1xUniPk,0.862167516,0.870136
wgEncodeAwgTfbsHaibGm12891Yy1sc281V0416101UniPk,0.884080236,0.892191
wgEncodeAwgTfbsSydhHelas3Smc3ab9263IggrabUniPk,0.940410179,0.948717
wgEncodeAwgTfbsSydhGm08714Znf274UcdUniPk,0.92259983,0.930926
wgEncodeAwgTfbsSydhK562Setdb1MnasedUcdUniPk,0.711781808,0.720112
wgEncodeAwgTfbsSydhHepg2Mxi1UniPk,0.839641963,0.848021
wgEncodeAwgTfbsSydhK562CmycIggrabUniPk,0.86299386,0.871495
wgEncodeAwgTfbsHaibK562Fosl1sc183V0416101UniPk,0.958465209,0.966974
wgEncodeAwgTfbsSydhK562Znf143IggrabUniPk,0.930230604,0.938831
wgEncodeAwgTfbsSydhGm12878Znf143166181apUniPk,0.953857,0.962478
wgEncodeAwgTfbsHaibGm12878Pou2f2Pcr1xUniPk,0.847184643,0.85584
wgEncodeAwgTfbsHaibHepg2Sp2V0422111UniPk,0.926444593,0.935245
wgEncodeAwgTfbsSydhK562Corestsc30189IggrabUniPk,0.88245213,0.891361
wgEncodeAwgTfbsUchicagoK562EjunbUniPk,0.913018735,0.922007
wgEncodeAwgTfbsSydhHek293Elk4UcdUniPk,0.795478783,0.804516
wgEncodeAwgTfbsSydhGm19193NfkbTnfaIggrabUniPk,0.904972583,0.914339
wgEncodeAwgTfbsSydhH1hescMafkIggrabUniPk,0.966467014,0.975984
wgEncodeAwgTfbsHaibK562GabpV0416101UniPk,0.903148349,0.91267
wgEncodeAwgTfbsHaibSknshraYy1sc281V0416102UniPk,0.880354494,0.889905
wgEncodeAwgTfbsHaibGm12878Egr1Pcr2xUniPk,0.898977209,0.908578
wgEncodeAwgTfbsHaibGm12878Six5Pcr1xUniPk,0.882527251,0.89242
wgEncodeAwgTfbsHaibK562Trim28sc81411V0422111UniPk,0.832383158,0.842325
wgEncodeAwgTfbsHaibA549GabpV0422111Etoh02UniPk,0.862725441,0.872693
wgEncodeAwgTfbsHaibH1hescNrsfV0416102UniPk,0.947978054,0.957964
wgEncodeAwgTfbsHaibHepg2Hnf4gsc6558V0416101UniPk,0.930976756,0.941031
wgEncodeAwgTfbsSydhK562Brg1IggmusUniPk,0.76120623,0.771503
wgEncodeAwgTfbsHaibHepg2Hdac2sc6296V0416101UniPk,0.863607882,0.87402
wgEncodeAwgTfbsSydhK562Corestab24166IggrabUniPk,0.840819494,0.851254
wgEncodeAwgTfbsHaibHepg2P300V0416101UniPk,0.891852322,0.902324
wgEncodeAwgTfbsSydhHelas3Znf143IggrabUniPk,0.884654072,0.895357
wgEncodeAwgTfbsHaibHepg2GabpPcr2xUniPk,0.890807459,0.901517
wgEncodeAwgTfbsHaibT47dEralphaaPcr2xGen1hUniPk,0.895122542,0.905948
wgEncodeAwgTfbsHaibGm12878Pax5c20Pcr1xUniPk,0.878361143,0.889257
wgEncodeAwgTfbsHaibHepg2JundPcr1xUniPk,0.903683579,0.9148
wgEncodeAwgTfbsHaibHepg2Nficsc81335V0422111UniPk,0.839468208,0.850605
wgEncodeAwgTfbsHaibGm12878Mef2aPcr1xUniPk,0.899781977,0.911396
wgEncodeAwgTfbsUwGm12801CtcfUniPk,0.983793568,0.995566
wgEncodeAwgTfbsHaibH1hescGabpPcr1xUniPk,0.88144962,0.893275
wgEncodeAwgTfbsSydhHepg2Chd2ab68301IggrabUniPk,0.850274544,0.862345
wgEncodeAwgTfbsSydhK562Nfe2UniPk,0.979012751,0.99114
wgEncodeAwgTfbsUchicagoK562EjundUniPk,0.899917955,0.912146
wgEncodeAwgTfbsSydhMcf7Gata3UcdUniPk,0.800578111,0.813027
wgEncodeAwgTfbsHaibHelas3NrsfPcr1xUniPk,0.941395521,0.953851
wgEncodeAwgTfbsSydhHepg2Srebp1InslnUniPk,0.85581904,0.868535
wgEncodeAwgTfbsSydhHepg2ErraForsklnUniPk,0.861700375,0.874477
wgEncodeAwgTfbsSydhHelas3Corestsc30189IggrabUniPk,0.84087666,0.853665
wgEncodeAwgTfbsSydhGm12878Brca1a300IggmusUniPk,0.946718419,0.959509
wgEncodeAwgTfbsHaibHepg2Zbtb7aV0416101UniPk,0.855983104,0.868833
wgEncodeAwgTfbsSydhNb4CmycUniPk,0.865976564,0.879238
wgEncodeAwgTfbsHaibH1hescBcl11aPcr1xUniPk,0.88665192,0.899921
wgEncodeAwgTfbsHaibH1hescAtf3V0416102UniPk,0.919509674,0.932896
wgEncodeAwgTfbsHaibU87NrsfPcr2xUniPk,0.836254421,0.849936
wgEncodeAwgTfbsHaibGm12878Mef2csc13268V0416101UniPk,0.895458854,0.909231
wgEncodeAwgTfbsSydhH1hescJundIggrabUniPk,0.915019152,0.929335
wgEncodeAwgTfbsHaibSknmcPol24h8V0416101UniPk,0.826015378,0.840338
wgEncodeAwgTfbsHaibGm12878NrsfPcr1xUniPk,0.897956006,0.912279
wgEncodeAwgTfbsSydhK562Arid3asc8821IggrabUniPk,0.841352572,0.855702
wgEncodeAwgTfbsSydhGm12878Nfe2sc22827UniPk,0.936372352,0.950797
wgEncodeAwgTfbsHaibA549Ets1V0422111Etoh02UniPk,0.81259016,0.827037
wgEncodeAwgTfbsSydhH1hescCjunIggrabUniPk,0.905519104,0.920634
wgEncodeAwgTfbsSydhK562Irf1Ifng6hUniPk,0.873569092,0.888836
wgEncodeAwgTfbsSydhK562P300IggrabUniPk,0.888012441,0.903416
wgEncodeAwgTfbsSydhHepg2Irf3IggrabUniPk,0.868047983,0.883642
wgEncodeAwgTfbsHaibGm12878Irf4sc6059Pcr1xUniPk,0.887695252,0.903615
wgEncodeAwgTfbsSydhK562CmycIfng30UniPk,0.867607092,0.884448
wgEncodeAwgTfbsSydhNt2d1Znf274UcdUniPk,0.946029851,0.962985
wgEncodeAwgTfbsSydhK562MaxIggrabUniPk,0.870865188,0.888015
wgEncodeAwgTfbsSydhGm15510NfkbTnfaIggrabUniPk,0.809594873,0.826776
wgEncodeAwgTfbsHaibHct116Yy1sc281V0416101UniPk,0.882122735,0.899819
wgEncodeAwgTfbsHaibH1hescSix5Pcr1xUniPk,0.906659107,0.924492
wgEncodeAwgTfbsSydhHepg2Brca1a300IggrabUniPk,0.831958525,0.851118
wgEncodeAwgTfbsSydhHelas3Chd2IggrabUniPk,0.863553622,0.883198
wgEncodeAwgTfbsHaibGm12892Pax5c20V0416101UniPk,0.841756461,0.862211
wgEncodeAwgTfbsSydhGm12878Zzz3UniPk,0.868137255,0.888779
wgEncodeAwgTfbsSydhHepg2Hsf1ForsklnUniPk,0.91292964,0.933593
wgEncodeAwgTfbsSydhH1hescRfx5200401194IggrabUniPk,0.877060389,0.897804
wgEncodeAwgTfbsSydhHelas3Rfx5200401194IggrabUniPk,0.875242024,0.896268
wgEncodeAwgTfbsSydhH1hescChd2IggrabUniPk,0.845340284,0.866686
wgEncodeAwgTfbsSydhK562Znf274m01UcdUniPk,0.802286637,0.825433
wgEncodeAwgTfbsHaibGm12878SrfPcr2xUniPk,0.875986152,0.899835
wgEncodeAwgTfbsSydhK562Mazab85725IggrabUniPk,0.86799386,0.894012
wgEncodeAwgTfbsSydhGm12878Tr4UniPk,0.780553932,0.806984
wgEncodeAwgTfbsSydhK562Tf3c110UniPk,0.946279188,0.972835
wgEncodeAwgTfbsHaibGm12878Sp1Pcr1xUniPk,0.856959922,0.883883
wgEncodeAwgTfbsHaibK562Bcl3Pcr1xUniPk,0.749369627,0.778486
wgEncodeAwgTfbsSydhHelas3Brf2UniPk,0.582558775,0.612357
wgEncodeAwgTfbsHaibH1hescSp2V0422111UniPk,0.902297323,0.932706
wgEncodeAwgTfbsSydhHelas3Irf3IggrabUniPk,0.90953509,0.942501
wgEncodeAwgTfbsSydhK562Sirt6UniPk,0.830585424,0.866009
wgEncodeAwgTfbsSydhK562Irf1Ifna6hUniPk,0.833036396,0.868853
wgEncodeAwgTfbsSydhK562Rfx5IggrabUniPk,0.801266536,0.837481
wgEncodeAwgTfbsHaibGm12878RxraPcr1xUniPk,0.746221308,0.784949
wgEncodeAwgTfbsSydhK562Stat2Ifna6hUniPk,0.871108295,0.910197
wgEncodeAwgTfbsSydhHepg2Tr4UcdUniPk,0.833799376,0.873623
wgEncodeAwgTfbsSydhH1hescBrca1IggrabUniPk,0.825894252,0.86785
wgEncodeAwgTfbsSydhK562Stat1Ifna6hUniPk,0.848239154,0.893972
wgEncodeAwgTfbsHaibH1hescFosl1sc183V0416102UniPk,0.767485119,0.814691
wgEncodeAwgTfbsSydhHepg2Grp20ForsklnUniPk,0.805043441,0.857527
wgEncodeAwgTfbsHaibH1hescRxraV0416102UniPk,0.781774436,0.842511
wgEncodeAwgTfbsSydhK562Pol3UniPk,0.836309524,0.923214
wgEncodeAwgTfbsSydhK562Bdp1UniPk,0.659292035,0.754386
wgEncodeAwgTfbsSydhGm12878Pol3UniPk,0.888441633,0.985624
wgEncodeAwgTfbsSydhHelas3Znf274UcdUniPk,0.851973684,0.953947
wgEncodeAwgTfbsSydhHelas3Brf1UniPk,0.647297297,0.750676
wgEncodeAwgTfbsSydhHelas3Zzz3UniPk,0.71627907,0.866512
wgEncodeAwgTfbsSydhHelas3Bdp1UniPk,0.613161316,0.767977
wgEncodeAwgTfbsSydhK562Tr4UcdUniPk,0.686110265,0.843588
wgEncodeAwgTfbsSydhK562Brf1UniPk,0.520144628,0.818182
